name,age,id
nikola,108,0
kruder,66,1
dorfmeister,77,2
armin,22,3
erykah,11,4
tiesto,99,5
bassnectar,13,6
TOKiMONSTA,33,7
jphlip,27,8
tINI,23,9
alison,23,10
thluffy,256,11
rosalind,67,12
alexander,51,13
neil,51,14
nikola,55,15
galileo,65,16
jane,94,17
john,128,18
dorothy,14,19
gregor,46,20
freeman,99,21
dmitri,40,22
niels,53,23
isaac,20,24
neil,117,25
edwin,64,26
rosalind,78,27
barbara,43,28
james,13,29
neil,59,30
john,87,31
edwin,111,32
john,54,33
michael,22,34
ada,44,35
stephen,32,36
carl,82,37
rachel,68,38
niels,73,39
tim,47,40
charles,89,41
alan,27,42
jane,117,43
henrietta,120,44
enrico,60,45
dorothy,84,46
alan,70,47
stephen,47,48
freeman,77,49
marie,83,50
charles,37,51
jane,68,52
rosalind,55,53
freeman,105,54
james,85,55
rachel,58,56
dorothy,28,57
isaac,61,58
alexander,122,59
michael,64,60
dorothy,118,61
henrietta,45,62
john,112,63
enrico,29,64
albert,43,65
barbara,116,66
ernest,47,67
max,101,68
michael,72,69
vera,110,70
niels,124,71
isaac,53,72
dorothy,44,73
max,68,74
james,73,75
galileo,55,76
dmitri,93,77
rosalind,106,78
stephen,121,79
john,115,80
vera,116,81
rosalind,52,82
ada,119,83
albert,103,84
ernest,59,85
enrico,73,86
galileo,118,87
jane,17,88
chandra,59,89
michael,108,90
ada,81,91
galileo,52,92
dmitri,15,93
stephen,117,94
dorothy,42,95
max,86,96
niels,30,97
neil,53,98
jane,74,99
vera,114,100
james,68,101
james,26,102
caroline,104,103
katherine,75,104
max,75,105
dmitri,60,106
nikola,101,107
rachel,104,108
albert,96,109
james,124,110
barbara,21,111
subrahmanyan,75,112
enrico,105,113
galileo,42,114
niels,102,115
freeman,96,116
lise,14,117
albert,43,118
ernest,42,119
rosalind,106,120
isaac,30,121
michael,87,122
niels,124,123
charles,33,124
henrietta,43,125
stephen,102,126
tim,59,127
alexander,17,128
nikola,47,129
rachel,37,130
dmitri,119,131
albert,70,132
neil,46,133
katherine,38,134
isaac,44,135
lise,75,136
chandra,30,137
lise,123,138
dorothy,20,139
nikola,66,140
katherine,60,141
marie,75,142
dmitri,36,143
niels,64,144
michael,31,145
alexander,19,146
stephen,64,147
john,22,148
richard,110,149
jane,51,150
alexander,30,151
henrietta,46,152
katherine,112,153
chandra,69,154
freeman,91,155
caroline,83,156
richard,90,157
albert,38,158
tim,65,159
ernest,15,160
henrietta,24,161
isaac,114,162
richard,53,163
niels,60,164
rosalind,97,165
rachel,42,166
lise,55,167
nikola,20,168
jane,114,169
enrico,89,170
carl,23,171
jane,24,172
isaac,26,173
alexander,61,174
ernest,100,175
rachel,71,176
tim,47,177
ernest,120,178
barbara,30,179
caroline,13,180
michael,114,181
ada,59,182
james,48,183
tim,94,184
richard,80,185
dmitri,30,186
rachel,93,187
nikola,90,188
richard,95,189
freeman,76,190
ada,27,191
alexander,40,192
tim,76,193
tim,29,194
neil,79,195
john,37,196
james,126,197
rosalind,66,198
ernest,60,199
stephen,31,200
charles,82,201
henrietta,128,202
vera,103,203
caroline,18,204
dorothy,16,205
caroline,93,206
james,125,207
nikola,118,208
jane,45,209
ernest,54,210
stephen,73,211
alan,126,212
niels,111,213
nikola,28,214
michael,124,215
edwin,65,216
alan,86,217
lise,113,218
caroline,73,219
alan,72,220
freeman,20,221
carl,101,222
marie,68,223
katherine,85,224
marie,96,225
rachel,47,226
max,115,227
michael,62,228
isaac,87,229
james,73,230
michael,128,231
freeman,89,232
henrietta,89,233
edwin,110,234
marie,43,235
max,75,236
stephen,121,237
tim,103,238
lise,110,239
stephen,54,240
freeman,67,241
marie,23,242
ernest,78,243
rachel,128,244
lise,15,245
michael,14,246
carl,15,247
henrietta,49,248
edwin,119,249
galileo,55,250
charles,91,251
chandra,52,252
marie,100,253
dmitri,114,254
dmitri,88,255
katherine,111,256
jane,66,257
michael,128,258
subrahmanyan,24,259
alexander,119,260
dmitri,123,261
niels,123,262
rachel,90,263
carl,37,264
rosalind,108,265
edwin,68,266
marie,103,267
tim,96,268
isaac,127,269
tim,56,270
ada,86,271
barbara,98,272
albert,30,273
gregor,17,274
carl,103,275
rachel,118,276
nikola,117,277
katherine,123,278
james,63,279
katherine,117,280
rachel,109,281
lise,58,282
dorothy,43,283
michael,114,284
rachel,36,285
marie,74,286
ada,49,287
lise,13,288
neil,50,289
rosalind,34,290
niels,28,291
alan,69,292
carl,36,293
jane,37,294
isaac,76,295
marie,86,296
richard,119,297
henrietta,51,298
vera,81,299
edwin,62,300
dmitri,100,301
vera,32,302
galileo,65,303
katherine,108,304
enrico,100,305
albert,75,306
albert,127,307
marie,97,308
edwin,23,309
jane,15,310
neil,15,311
tim,82,312
jane,93,313
charles,51,314
tim,106,315
freeman,90,316
carl,114,317
michael,27,318
isaac,113,319
edwin,38,320
michael,42,321
richard,21,322
john,60,323
nikola,61,324
rosalind,25,325
ernest,116,326
galileo,114,327
vera,116,328
rosalind,25,329
dmitri,84,330
katherine,72,331
neil,111,332
max,75,333
galileo,53,334
caroline,86,335
isaac,51,336
chandra,99,337
michael,116,338
stephen,69,339
gregor,103,340
chandra,116,341
dmitri,101,342
dorothy,78,343
caroline,112,344
henrietta,31,345
dorothy,63,346
nikola,125,347
alexander,38,348
ernest,88,349
charles,87,350
alan,43,351
caroline,72,352
lise,102,353
ada,74,354
niels,90,355
charles,13,356
rachel,17,357
albert,77,358
stephen,124,359
michael,50,360
freeman,15,361
subrahmanyan,95,362
charles,127,363
freeman,48,364
michael,14,365
lise,46,366
gregor,116,367
dmitri,64,368
nikola,38,369
subrahmanyan,50,370
barbara,97,371
enrico,79,372
galileo,61,373
freeman,87,374
neil,55,375
caroline,77,376
barbara,88,377
charles,69,378
john,20,379
john,128,380
john,73,381
max,64,382
carl,80,383
ada,49,384
richard,27,385
nikola,85,386
subrahmanyan,101,387
charles,76,388
subrahmanyan,98,389
dmitri,15,390
gregor,35,391
katherine,96,392
henrietta,15,393
ernest,25,394
charles,68,395
barbara,70,396
stephen,22,397
isaac,109,398
lise,108,399
freeman,126,400
nikola,70,401
charles,89,402
dmitri,42,403
carl,56,404
rosalind,17,405
carl,104,406
rachel,86,407
isaac,125,408
rosalind,33,409
albert,27,410
rachel,18,411
stephen,91,412
carl,102,413
vera,111,414
isaac,123,415
james,92,416
alexander,100,417
michael,26,418
john,73,419
niels,126,420
ada,117,421
dmitri,25,422
nikola,48,423
tim,41,424
gregor,31,425
caroline,72,426
enrico,91,427
nikola,106,428
ada,122,429
dmitri,90,430
jane,66,431
jane,111,432
charles,106,433
carl,71,434
freeman,101,435
niels,83,436
galileo,66,437
niels,108,438
vera,111,439
lise,44,440
edwin,72,441
neil,91,442
alan,111,443
rachel,94,444
lise,78,445
john,34,446
stephen,82,447
carl,17,448
albert,117,449
freeman,93,450
dorothy,80,451
charles,125,452
alexander,36,453
dmitri,33,454
ernest,94,455
niels,90,456
alexander,23,457
isaac,84,458
freeman,68,459
edwin,74,460
alan,21,461
chandra,49,462
rosalind,47,463
lise,22,464
ernest,65,465
alexander,32,466
katherine,90,467
katherine,117,468
galileo,114,469
caroline,113,470
james,122,471
rachel,120,472
tim,95,473
nikola,109,474
max,114,475
barbara,123,476
john,110,477
charles,89,478
alan,119,479
vera,124,480
katherine,58,481
neil,123,482
rachel,123,483
rachel,82,484
lise,61,485
rachel,31,486
alexander,102,487
enrico,96,488
james,51,489
rachel,124,490
isaac,59,491
neil,125,492
edwin,68,493
barbara,57,494
carl,113,495
rosalind,75,496
alan,65,497
rachel,106,498
enrico,102,499
lise,54,500
henrietta,96,501
dorothy,44,502
galileo,73,503
vera,20,504
stephen,55,505
ernest,90,506
caroline,42,507
chandra,127,508
dorothy,26,509
max,93,510
ernest,16,511
carl,56,512
niels,124,513
freeman,77,514
max,119,515
edwin,92,516
isaac,57,517
isaac,53,518
subrahmanyan,75,519
jane,24,520
lise,65,521
marie,39,522
stephen,63,523
john,63,524
katherine,60,525
albert,95,526
subrahmanyan,37,527
tim,125,528
freeman,71,529
barbara,41,530
tim,18,531
gregor,63,532
albert,122,533
gregor,73,534
marie,82,535
henrietta,69,536
nikola,125,537
max,127,538
enrico,51,539
carl,87,540
dorothy,28,541
max,124,542
dmitri,112,543
charles,83,544
galileo,68,545
charles,71,546
lise,128,547
nikola,37,548
enrico,58,549
vera,103,550
charles,76,551
barbara,60,552
lise,79,553
gregor,49,554
ernest,23,555
albert,58,556
nikola,54,557
michael,104,558
chandra,70,559
stephen,77,560
niels,38,561
vera,36,562
dorothy,83,563
subrahmanyan,126,564
vera,111,565
neil,72,566
lise,88,567
dmitri,61,568
gregor,110,569
galileo,110,570
marie,55,571
tim,112,572
nikola,63,573
barbara,85,574
tim,119,575
alan,83,576
rachel,32,577
richard,118,578
max,119,579
caroline,49,580
james,122,581
chandra,52,582
dorothy,62,583
jane,50,584
katherine,62,585
rosalind,124,586
isaac,23,587
enrico,14,588
tim,86,589
dorothy,128,590
albert,49,591
rosalind,37,592
tim,24,593
caroline,19,594
james,114,595
carl,99,596
carl,48,597
rosalind,102,598
neil,93,599
subrahmanyan,80,600
carl,50,601
charles,39,602
richard,49,603
chandra,65,604
alan,47,605
galileo,96,606
galileo,36,607
edwin,115,608
katherine,64,609
chandra,122,610
henrietta,70,611
subrahmanyan,47,612
dmitri,40,613
rachel,77,614
charles,64,615
neil,68,616
dmitri,61,617
enrico,69,618
chandra,83,619
michael,53,620
alexander,67,621
lise,71,622
alexander,102,623
henrietta,124,624
chandra,50,625
richard,72,626
max,110,627
tim,48,628
alexander,21,629
edwin,45,630
max,99,631
chandra,127,632
max,40,633
niels,38,634
ernest,109,635
max,56,636
gregor,106,637
stephen,18,638
jane,48,639
chandra,123,640
edwin,121,641
subrahmanyan,14,642
jane,15,643
ernest,27,644
lise,122,645
niels,32,646
isaac,100,647
carl,58,648
neil,98,649
charles,34,650
alexander,127,651
richard,94,652
niels,22,653
edwin,127,654
enrico,63,655
dorothy,55,656
albert,41,657
max,38,658
carl,84,659
ada,92,660
caroline,72,661
charles,57,662
rosalind,43,663
jane,77,664
alan,67,665
caroline,55,666
albert,98,667
james,54,668
stephen,42,669
richard,125,670
richard,85,671
dorothy,109,672
john,117,673
max,92,674
james,27,675
jane,80,676
rosalind,110,677
lise,40,678
enrico,120,679
chandra,72,680
vera,90,681
gregor,118,682
stephen,40,683
neil,108,684
charles,20,685
dorothy,110,686
max,67,687
ernest,67,688
freeman,103,689
isaac,83,690
henrietta,21,691
isaac,82,692
neil,32,693
enrico,119,694
ada,125,695
lise,41,696
neil,119,697
galileo,62,698
neil,22,699
john,38,700
charles,32,701
marie,69,702
katherine,28,703
dorothy,90,704
alan,33,705
niels,31,706
dorothy,96,707
edwin,80,708
enrico,120,709
chandra,65,710
freeman,21,711
gregor,123,712
albert,78,713
alexander,33,714
marie,47,715
richard,99,716
tim,99,717
neil,109,718
rachel,37,719
vera,85,720
dmitri,112,721
dmitri,50,722
katherine,18,723
michael,30,724
rachel,30,725
max,64,726
lise,78,727
john,89,728
henrietta,123,729
niels,50,730
subrahmanyan,94,731
carl,35,732
vera,56,733
neil,101,734
vera,106,735
enrico,90,736
henrietta,96,737
vera,35,738
henrietta,87,739
dmitri,106,740
neil,55,741
lise,53,742
dorothy,71,743
gregor,34,744
neil,92,745
charles,116,746
chandra,50,747
gregor,102,748
freeman,111,749
edwin,29,750
ada,32,751
galileo,80,752
gregor,92,753
henrietta,61,754
enrico,36,755
dorothy,107,756
carl,68,757
alexander,88,758
gregor,55,759
jane,80,760
marie,120,761
chandra,51,762
alexander,97,763
stephen,70,764
barbara,24,765
chandra,32,766
edwin,120,767
michael,106,768
dorothy,33,769
dorothy,52,770
enrico,125,771
charles,80,772
vera,13,773
katherine,54,774
subrahmanyan,77,775
subrahmanyan,46,776
gregor,106,777
jane,81,778
galileo,90,779
john,64,780
isaac,99,781
max,39,782
caroline,80,783
vera,98,784
isaac,52,785
ernest,47,786
richard,107,787
rosalind,30,788
lise,52,789
carl,64,790
henrietta,89,791
galileo,55,792
charles,36,793
rachel,101,794
ada,89,795
gregor,117,796
max,15,797
chandra,57,798
michael,117,799
carl,126,800
marie,128,801
ernest,95,802
subrahmanyan,116,803
james,33,804
alexander,87,805
subrahmanyan,115,806
tim,78,807
galileo,30,808
lise,110,809
alan,109,810
gregor,112,811
ernest,120,812
dorothy,117,813
chandra,57,814
marie,28,815
alexander,126,816
chandra,126,817
ernest,20,818
barbara,80,819
james,39,820
max,105,821
freeman,118,822
subrahmanyan,39,823
enrico,54,824
rosalind,107,825
rachel,79,826
carl,39,827
niels,51,828
ada,121,829
tim,70,830
jane,124,831
gregor,27,832
isaac,119,833
richard,48,834
subrahmanyan,127,835
alexander,112,836
alexander,72,837
richard,115,838
rachel,73,839
niels,78,840
dmitri,26,841
gregor,18,842
enrico,40,843
rosalind,94,844
dorothy,52,845
gregor,87,846
henrietta,22,847
niels,98,848
michael,43,849
vera,58,850
ada,54,851
tim,55,852
max,24,853
ernest,28,854
charles,84,855
lise,60,856
gregor,42,857
rosalind,39,858
katherine,48,859
max,14,860
isaac,128,861
dmitri,17,862
galileo,69,863
marie,128,864
max,82,865
henrietta,128,866
henrietta,88,867
barbara,20,868
charles,93,869
galileo,13,870
isaac,54,871
rosalind,17,872
michael,104,873
ada,37,874
charles,58,875
alan,122,876
john,13,877
rosalind,42,878
jane,89,879
alan,118,880
alexander,46,881
rachel,124,882
niels,44,883
ada,28,884
ernest,26,885
caroline,27,886
rachel,123,887
galileo,127,888
rosalind,125,889
jane,96,890
freeman,114,891
rosalind,66,892
dorothy,22,893
ernest,35,894
max,92,895
niels,122,896
katherine,125,897
caroline,127,898
henrietta,23,899
max,98,900
vera,103,901
caroline,91,902
alan,38,903
richard,102,904
neil,117,905
vera,56,906
stephen,17,907
dorothy,115,908
freeman,41,909
james,17,910
alan,89,911
nikola,54,912
carl,123,913
caroline,42,914
marie,45,915
marie,64,916
caroline,99,917
dorothy,121,918
neil,38,919
rachel,25,920
tim,16,921
rachel,29,922
galileo,93,923
nikola,51,924
nikola,43,925
edwin,123,926
rosalind,19,927
enrico,61,928
barbara,109,929
enrico,66,930
chandra,19,931
max,63,932
gregor,78,933
gregor,86,934
henrietta,81,935
isaac,68,936
chandra,90,937
caroline,72,938
max,84,939
max,39,940
rosalind,47,941
caroline,51,942
rosalind,75,943
rosalind,16,944
alexander,75,945
jane,107,946
freeman,85,947
richard,102,948
caroline,124,949
richard,27,950
dmitri,35,951
alan,107,952
katherine,93,953
edwin,23,954
enrico,116,955
ernest,92,956
dorothy,53,957
gregor,25,958
caroline,85,959
katherine,44,960
charles,83,961
rachel,102,962
niels,55,963
ada,17,964
max,28,965
michael,13,966
charles,27,967
max,65,968
nikola,58,969
marie,104,970
edwin,67,971
max,88,972
stephen,113,973
james,119,974
isaac,17,975
enrico,93,976
katherine,53,977
caroline,42,978
nikola,111,979
niels,67,980
chandra,19,981
henrietta,13,982
vera,31,983
rachel,62,984
caroline,34,985
katherine,94,986
max,110,987
alexander,63,988
alexander,48,989
ada,104,990
gregor,39,991
katherine,37,992
neil,41,993
dmitri,120,994
gregor,16,995
katherine,86,996
rosalind,64,997
niels,124,998
max,20,999
max,50,1000
caroline,103,1001
gregor,48,1002
caroline,44,1003
jane,124,1004
marie,27,1005
stephen,28,1006
subrahmanyan,106,1007
enrico,41,1008
enrico,52,1009
richard,67,1010
jane,92,1011
rachel,93,1012
lise,45,1013
charles,123,1014
john,17,1015
enrico,124,1016
dmitri,112,1017
gregor,96,1018
michael,24,1019
albert,108,1020
subrahmanyan,120,1021
chandra,94,1022
james,39,1023
albert,68,1024
neil,65,1025
barbara,19,1026
james,99,1027
john,63,1028
stephen,62,1029
rosalind,23,1030
caroline,47,1031
isaac,58,1032
katherine,60,1033
james,107,1034
albert,78,1035
michael,17,1036
vera,24,1037
lise,109,1038
stephen,83,1039
rachel,60,1040
ernest,113,1041
tim,115,1042
freeman,62,1043
james,50,1044
barbara,51,1045
rachel,16,1046
marie,13,1047
alan,110,1048
jane,73,1049
gregor,45,1050
vera,107,1051
tim,58,1052
john,75,1053
carl,113,1054
rosalind,90,1055
nikola,87,1056
charles,76,1057
subrahmanyan,68,1058
john,83,1059
alan,102,1060
jane,18,1061
galileo,60,1062
nikola,123,1063
edwin,65,1064
alan,103,1065
subrahmanyan,38,1066
neil,23,1067
edwin,68,1068
henrietta,112,1069
henrietta,73,1070
ada,102,1071
neil,88,1072
richard,73,1073
gregor,50,1074
james,55,1075
barbara,46,1076
dorothy,102,1077
jane,127,1078
chandra,81,1079
ada,91,1080
gregor,45,1081
stephen,94,1082
dmitri,111,1083
neil,64,1084
tim,17,1085
dmitri,126,1086
nikola,79,1087
marie,122,1088
jane,82,1089
rachel,100,1090
carl,80,1091
marie,64,1092
rachel,21,1093
edwin,51,1094
alan,78,1095
albert,121,1096
nikola,19,1097
subrahmanyan,60,1098
dmitri,94,1099
john,31,1100
gregor,80,1101
dorothy,23,1102
rachel,81,1103
vera,121,1104
katherine,126,1105
ada,32,1106
james,64,1107
neil,114,1108
vera,97,1109
dmitri,59,1110
isaac,68,1111
carl,87,1112
james,41,1113
henrietta,77,1114
chandra,58,1115
carl,107,1116
stephen,86,1117
ernest,13,1118
lise,16,1119
rosalind,74,1120
vera,63,1121
enrico,113,1122
caroline,46,1123
albert,52,1124
charles,43,1125
john,101,1126
henrietta,38,1127
vera,69,1128
lise,55,1129
john,63,1130
henrietta,118,1131
neil,15,1132
niels,86,1133
henrietta,15,1134
richard,36,1135
dmitri,103,1136
chandra,34,1137
ada,34,1138
dorothy,125,1139
neil,77,1140
dmitri,115,1141
caroline,21,1142
rosalind,113,1143
enrico,124,1144
neil,56,1145
jane,82,1146
stephen,63,1147
ada,65,1148
ernest,59,1149
chandra,60,1150
marie,77,1151
dmitri,26,1152
gregor,37,1153
lise,47,1154
isaac,88,1155
katherine,104,1156
isaac,112,1157
albert,59,1158
edwin,122,1159
charles,34,1160
michael,78,1161
ernest,71,1162
gregor,126,1163
galileo,117,1164
enrico,109,1165
katherine,127,1166
gregor,29,1167
john,116,1168
freeman,47,1169
katherine,53,1170
ada,63,1171
rachel,87,1172
alexander,119,1173
albert,69,1174
alan,93,1175
charles,85,1176
carl,79,1177
alan,127,1178
carl,85,1179
rachel,105,1180
enrico,16,1181
henrietta,24,1182
gregor,53,1183
henrietta,41,1184
nikola,119,1185
max,108,1186
barbara,106,1187
max,127,1188
alexander,115,1189
richard,74,1190
max,58,1191
rosalind,71,1192
ernest,126,1193
richard,18,1194
isaac,25,1195
subrahmanyan,113,1196
subrahmanyan,35,1197
carl,116,1198
tim,83,1199
niels,57,1200
freeman,123,1201
rosalind,50,1202
caroline,128,1203
carl,32,1204
ada,90,1205
richard,34,1206
chandra,82,1207
rachel,68,1208
vera,93,1209
barbara,25,1210
rachel,69,1211
rosalind,68,1212
tim,33,1213
caroline,21,1214
ernest,19,1215
enrico,28,1216
alan,113,1217
tim,21,1218
john,54,1219
james,17,1220
chandra,41,1221
rosalind,114,1222
isaac,43,1223
isaac,19,1224
john,83,1225
rosalind,88,1226
alexander,78,1227
gregor,63,1228
max,75,1229
edwin,23,1230
dorothy,30,1231
alan,19,1232
rachel,98,1233
carl,95,1234
barbara,19,1235
freeman,25,1236
rachel,114,1237
tim,119,1238
james,67,1239
barbara,125,1240
charles,91,1241
enrico,65,1242
max,67,1243
marie,121,1244
max,65,1245
barbara,66,1246
chandra,25,1247
lise,30,1248
enrico,37,1249
katherine,53,1250
rosalind,16,1251
alexander,55,1252
carl,13,1253
galileo,74,1254
carl,115,1255
katherine,71,1256
james,22,1257
henrietta,32,1258
rachel,91,1259
james,71,1260
barbara,74,1261
john,17,1262
max,72,1263
max,72,1264
katherine,115,1265
ernest,110,1266
michael,118,1267
caroline,94,1268
stephen,115,1269
barbara,96,1270
rosalind,113,1271
niels,119,1272
richard,52,1273
edwin,56,1274
subrahmanyan,63,1275
marie,42,1276
marie,103,1277
marie,69,1278
galileo,67,1279
barbara,51,1280
stephen,117,1281
nikola,83,1282
nikola,76,1283
dmitri,110,1284
stephen,107,1285
tim,37,1286
chandra,59,1287
richard,106,1288
james,24,1289
james,110,1290
katherine,79,1291
subrahmanyan,13,1292
rachel,36,1293
rachel,113,1294
katherine,86,1295
barbara,103,1296
charles,44,1297
john,90,1298
ada,78,1299
richard,49,1300
henrietta,17,1301
niels,30,1302
barbara,93,1303
enrico,56,1304
dorothy,90,1305
chandra,21,1306
max,69,1307
edwin,42,1308
katherine,97,1309
charles,120,1310
nikola,19,1311
ernest,84,1312
nikola,116,1313
nikola,86,1314
tim,63,1315
vera,78,1316
edwin,20,1317
galileo,73,1318
niels,87,1319
rachel,113,1320
caroline,109,1321
henrietta,22,1322
richard,42,1323
henrietta,96,1324
chandra,50,1325
nikola,100,1326
rachel,81,1327
rosalind,99,1328
alan,45,1329
caroline,25,1330
john,37,1331
katherine,101,1332
galileo,26,1333
rosalind,35,1334
enrico,84,1335
galileo,83,1336
enrico,13,1337
jane,43,1338
edwin,32,1339
max,97,1340
john,38,1341
alan,90,1342
katherine,19,1343
dorothy,43,1344
subrahmanyan,56,1345
nikola,64,1346
dmitri,63,1347
subrahmanyan,123,1348
ada,98,1349
niels,54,1350
james,80,1351
neil,15,1352
vera,67,1353
neil,56,1354
freeman,83,1355
ernest,69,1356
galileo,29,1357
richard,17,1358
marie,126,1359
john,85,1360
jane,98,1361
rachel,109,1362
henrietta,92,1363
john,50,1364
gregor,49,1365
dorothy,94,1366
michael,53,1367
vera,124,1368
chandra,20,1369
dorothy,15,1370
michael,15,1371
alan,123,1372
subrahmanyan,73,1373
alexander,70,1374
jane,80,1375
edwin,103,1376
enrico,72,1377
ada,33,1378
alan,90,1379
ada,37,1380
ernest,85,1381
ernest,17,1382
isaac,60,1383
michael,56,1384
katherine,26,1385
vera,105,1386
caroline,82,1387
jane,72,1388
dmitri,45,1389
katherine,30,1390
freeman,18,1391
max,83,1392
galileo,58,1393
nikola,99,1394
barbara,58,1395
vera,108,1396
freeman,56,1397
galileo,71,1398
stephen,118,1399
jane,107,1400
albert,95,1401
henrietta,58,1402
ada,98,1403
niels,104,1404
caroline,20,1405
niels,89,1406
rachel,116,1407
alan,98,1408
max,58,1409
charles,116,1410
richard,77,1411
james,78,1412
vera,27,1413
niels,17,1414
jane,80,1415
dmitri,80,1416
gregor,16,1417
niels,47,1418
gregor,40,1419
dorothy,54,1420
vera,71,1421
stephen,39,1422
john,77,1423
stephen,125,1424
vera,119,1425
stephen,34,1426
charles,121,1427
rosalind,99,1428
stephen,119,1429
isaac,98,1430
dorothy,27,1431
subrahmanyan,51,1432
max,84,1433
isaac,69,1434
subrahmanyan,123,1435
edwin,92,1436
jane,25,1437
chandra,95,1438
edwin,79,1439
barbara,88,1440
charles,24,1441
lise,26,1442
barbara,35,1443
henrietta,96,1444
katherine,127,1445
katherine,63,1446
ernest,48,1447
vera,74,1448
katherine,89,1449
galileo,35,1450
carl,115,1451
caroline,73,1452
edwin,118,1453
lise,29,1454
ada,39,1455
ernest,78,1456
subrahmanyan,16,1457
henrietta,78,1458
ernest,120,1459
alexander,80,1460
richard,25,1461
henrietta,104,1462
niels,43,1463
richard,57,1464
albert,54,1465
galileo,116,1466
carl,60,1467
caroline,25,1468
carl,128,1469
dmitri,91,1470
rosalind,81,1471
nikola,65,1472
stephen,55,1473
jane,55,1474
vera,99,1475
john,45,1476
richard,30,1477
rachel,72,1478
albert,31,1479
tim,51,1480
albert,38,1481
dorothy,111,1482
edwin,37,1483
stephen,41,1484
charles,99,1485
gregor,38,1486
ada,107,1487
henrietta,120,1488
katherine,91,1489
chandra,67,1490
enrico,93,1491
caroline,84,1492
ada,62,1493
enrico,29,1494
niels,34,1495
ernest,123,1496
alexander,41,1497
ernest,77,1498
albert,127,1499
dorothy,47,1500
richard,121,1501
dorothy,93,1502
freeman,24,1503
isaac,91,1504
freeman,14,1505
dorothy,125,1506
edwin,81,1507
chandra,61,1508
rachel,16,1509
gregor,58,1510
niels,125,1511
barbara,28,1512
caroline,54,1513
vera,103,1514
lise,122,1515
caroline,57,1516
katherine,65,1517
nikola,33,1518
max,91,1519
barbara,103,1520
stephen,35,1521
katherine,43,1522
freeman,32,1523
carl,54,1524
ernest,100,1525
ada,114,1526
james,45,1527
lise,68,1528
albert,19,1529
edwin,61,1530
max,21,1531
tim,18,1532
michael,22,1533
richard,18,1534
henrietta,62,1535
vera,47,1536
dmitri,106,1537
jane,111,1538
carl,85,1539
freeman,74,1540
rosalind,47,1541
jane,124,1542
neil,83,1543
caroline,47,1544
isaac,81,1545
lise,98,1546
rosalind,83,1547
ada,77,1548
stephen,60,1549
vera,102,1550
carl,35,1551
charles,76,1552
edwin,113,1553
james,116,1554
richard,83,1555
jane,13,1556
michael,128,1557
neil,13,1558
barbara,32,1559
ernest,128,1560
ada,47,1561
albert,18,1562
max,115,1563
caroline,59,1564
edwin,24,1565
michael,56,1566
isaac,76,1567
jane,65,1568
john,101,1569
henrietta,76,1570
henrietta,124,1571
chandra,51,1572
dmitri,82,1573
albert,28,1574
enrico,73,1575
caroline,96,1576
enrico,89,1577
chandra,121,1578
lise,40,1579
rachel,53,1580
subrahmanyan,66,1581
lise,103,1582
alan,44,1583
galileo,51,1584
freeman,53,1585
katherine,25,1586
albert,81,1587
carl,64,1588
max,106,1589
richard,127,1590
enrico,60,1591
tim,67,1592
edwin,55,1593
ada,33,1594
subrahmanyan,21,1595
albert,93,1596
tim,118,1597
katherine,53,1598
freeman,41,1599
galileo,27,1600
tim,119,1601
henrietta,107,1602
richard,124,1603
carl,128,1604
katherine,79,1605
richard,101,1606
james,53,1607
ernest,110,1608
tim,57,1609
lise,93,1610
jane,25,1611
rosalind,103,1612
tim,126,1613
barbara,81,1614
tim,94,1615
niels,88,1616
rosalind,13,1617
niels,19,1618
barbara,93,1619
charles,47,1620
john,86,1621
subrahmanyan,23,1622
chandra,78,1623
max,127,1624
henrietta,27,1625
alexander,75,1626
alan,55,1627
galileo,114,1628
barbara,106,1629
gregor,17,1630
rachel,65,1631
enrico,78,1632
edwin,83,1633
ernest,65,1634
michael,51,1635
michael,88,1636
michael,123,1637
lise,74,1638
nikola,22,1639
alexander,30,1640
freeman,94,1641
isaac,102,1642
richard,113,1643
edwin,101,1644
dmitri,75,1645
marie,64,1646
nikola,115,1647
charles,105,1648
katherine,54,1649
michael,15,1650
ernest,72,1651
freeman,112,1652
rachel,83,1653
barbara,30,1654
albert,108,1655
albert,59,1656
neil,59,1657
neil,18,1658
freeman,72,1659
alexander,102,1660
gregor,69,1661
alan,29,1662
chandra,47,1663
tim,68,1664
lise,59,1665
galileo,120,1666
jane,109,1667
enrico,56,1668
niels,81,1669
stephen,101,1670
katherine,58,1671
henrietta,104,1672
alan,14,1673
alexander,64,1674
max,35,1675
barbara,32,1676
ernest,78,1677
marie,117,1678
rosalind,115,1679
edwin,16,1680
richard,92,1681
neil,103,1682
dmitri,90,1683
ernest,54,1684
john,84,1685
chandra,13,1686
edwin,28,1687
galileo,110,1688
alan,51,1689
richard,126,1690
caroline,104,1691
rosalind,66,1692
jane,31,1693
henrietta,73,1694
jane,63,1695
charles,20,1696
dorothy,54,1697
marie,112,1698
stephen,28,1699
john,115,1700
carl,59,1701
nikola,108,1702
ada,28,1703
niels,84,1704
james,96,1705
ada,41,1706
rosalind,34,1707
lise,112,1708
rosalind,71,1709
nikola,25,1710
edwin,65,1711
nikola,93,1712
john,15,1713
richard,60,1714
subrahmanyan,13,1715
nikola,26,1716
galileo,53,1717
michael,99,1718
carl,64,1719
lise,89,1720
james,114,1721
alan,108,1722
lise,102,1723
nikola,81,1724
barbara,100,1725
max,64,1726
albert,41,1727
henrietta,36,1728
caroline,104,1729
tim,58,1730
gregor,72,1731
subrahmanyan,105,1732
katherine,128,1733
niels,87,1734
barbara,40,1735
jane,34,1736
enrico,29,1737
michael,20,1738
richard,106,1739
henrietta,113,1740
henrietta,24,1741
john,26,1742
dmitri,31,1743
charles,98,1744
freeman,108,1745
lise,37,1746
lise,83,1747
jane,111,1748
lise,93,1749
alexander,95,1750
katherine,38,1751
neil,84,1752
nikola,18,1753
subrahmanyan,112,1754
alan,104,1755
vera,26,1756
caroline,19,1757
henrietta,14,1758
charles,85,1759
isaac,74,1760
marie,58,1761
edwin,47,1762
alan,30,1763
galileo,101,1764
richard,42,1765
henrietta,108,1766
tim,117,1767
dorothy,20,1768
alan,76,1769
charles,102,1770
barbara,89,1771
rosalind,51,1772
isaac,119,1773
jane,99,1774
carl,82,1775
michael,62,1776
niels,81,1777
carl,34,1778
alan,35,1779
ernest,114,1780
albert,60,1781
albert,62,1782
max,113,1783
niels,113,1784
galileo,22,1785
rosalind,127,1786
richard,48,1787
stephen,58,1788
subrahmanyan,121,1789
james,40,1790
subrahmanyan,19,1791
caroline,55,1792
enrico,43,1793
tim,127,1794
freeman,103,1795
caroline,123,1796
niels,37,1797
michael,103,1798
chandra,14,1799
freeman,45,1800
niels,59,1801
marie,28,1802
dmitri,80,1803
gregor,116,1804
gregor,15,1805
marie,74,1806
rachel,95,1807
freeman,64,1808
ada,101,1809
subrahmanyan,34,1810
rosalind,68,1811
edwin,57,1812
carl,124,1813
tim,63,1814
caroline,110,1815
rosalind,19,1816
katherine,121,1817
john,119,1818
niels,82,1819
lise,60,1820
tim,65,1821
james,76,1822
ada,98,1823
rosalind,72,1824
dorothy,122,1825
alan,46,1826
gregor,69,1827
enrico,30,1828
marie,84,1829
chandra,20,1830
edwin,42,1831
subrahmanyan,81,1832
henrietta,99,1833
alexander,73,1834
albert,72,1835
alexander,52,1836
marie,125,1837
galileo,121,1838
charles,40,1839
tim,72,1840
rosalind,38,1841
rosalind,58,1842
subrahmanyan,82,1843
gregor,107,1844
subrahmanyan,61,1845
alexander,83,1846
rachel,108,1847
james,62,1848
alan,102,1849
tim,81,1850
subrahmanyan,74,1851
katherine,83,1852
charles,33,1853
lise,21,1854
gregor,124,1855
chandra,49,1856
subrahmanyan,67,1857
nikola,47,1858
ada,116,1859
marie,71,1860
tim,71,1861
carl,84,1862
alan,97,1863
lise,76,1864
marie,38,1865
marie,45,1866
gregor,99,1867
galileo,69,1868
ernest,68,1869
james,98,1870
john,55,1871
galileo,113,1872
galileo,29,1873
rosalind,44,1874
galileo,117,1875
henrietta,88,1876
dorothy,121,1877
charles,34,1878
subrahmanyan,71,1879
marie,77,1880
alexander,114,1881
alexander,121,1882
ada,95,1883
michael,15,1884
dmitri,113,1885
james,13,1886
michael,33,1887
stephen,89,1888
katherine,21,1889
charles,104,1890
edwin,63,1891
dorothy,95,1892
neil,29,1893
carl,69,1894
marie,117,1895
carl,23,1896
edwin,45,1897
rosalind,22,1898
michael,38,1899
subrahmanyan,57,1900
dmitri,27,1901
enrico,13,1902
michael,86,1903
chandra,51,1904
henrietta,126,1905
tim,115,1906
lise,70,1907
ada,31,1908
carl,126,1909
tim,115,1910
charles,85,1911
gregor,109,1912
niels,103,1913
rosalind,20,1914
albert,86,1915
niels,62,1916
chandra,81,1917
rosalind,79,1918
michael,24,1919
albert,106,1920
max,109,1921
john,13,1922
james,128,1923
barbara,21,1924
marie,27,1925
barbara,86,1926
vera,23,1927
isaac,48,1928
alan,63,1929
alexander,91,1930
enrico,72,1931
subrahmanyan,99,1932
henrietta,29,1933
jane,120,1934
alexander,37,1935
charles,16,1936
neil,47,1937
alan,102,1938
albert,92,1939
james,68,1940
lise,39,1941
albert,96,1942
caroline,73,1943
jane,31,1944
caroline,86,1945
dorothy,26,1946
charles,61,1947
caroline,106,1948
dorothy,72,1949
marie,64,1950
gregor,19,1951
carl,21,1952
neil,117,1953
niels,92,1954
carl,51,1955
dmitri,79,1956
ada,13,1957
rosalind,17,1958
ada,58,1959
dorothy,107,1960
ernest,48,1961
chandra,128,1962
chandra,51,1963
stephen,52,1964
isaac,50,1965
vera,25,1966
lise,95,1967
edwin,36,1968
stephen,89,1969
gregor,85,1970
ernest,61,1971
edwin,27,1972
tim,73,1973
freeman,126,1974
dmitri,71,1975
alan,62,1976
chandra,95,1977
caroline,113,1978
dmitri,65,1979
henrietta,43,1980
rachel,42,1981
niels,68,1982
vera,39,1983
chandra,114,1984
edwin,70,1985
michael,108,1986
jane,61,1987
galileo,122,1988
freeman,57,1989
rosalind,21,1990
dorothy,88,1991
niels,70,1992
enrico,64,1993
galileo,101,1994
max,42,1995
charles,29,1996
galileo,56,1997
max,128,1998
galileo,68,1999
dorothy,63,2000
rosalind,78,2001
isaac,56,2002
henrietta,13,2003
dmitri,61,2004
henrietta,88,2005
michael,92,2006
tim,33,2007
vera,45,2008
john,123,2009
alexander,47,2010
michael,42,2011
max,54,2012
ernest,28,2013
richard,51,2014
richard,120,2015
gregor,69,2016
katherine,22,2017
katherine,107,2018
dmitri,18,2019
neil,70,2020
marie,46,2021
rosalind,26,2022
james,59,2023
galileo,123,2024
niels,61,2025
edwin,24,2026
max,104,2027
richard,124,2028
rachel,66,2029
vera,32,2030
ernest,102,2031
galileo,35,2032
carl,33,2033
charles,46,2034
dmitri,59,2035
ernest,42,2036
albert,115,2037
carl,85,2038
galileo,105,2039
richard,34,2040
dmitri,94,2041
max,111,2042
henrietta,78,2043
lise,57,2044
enrico,29,2045
freeman,46,2046
dorothy,86,2047
albert,101,2048
isaac,63,2049
henrietta,82,2050
john,102,2051
katherine,48,2052
charles,122,2053
carl,23,2054
alan,117,2055
alexander,109,2056
dorothy,69,2057
dorothy,76,2058
neil,63,2059
alexander,56,2060
marie,22,2061
nikola,20,2062
henrietta,71,2063
rosalind,118,2064
james,67,2065
neil,35,2066
tim,89,2067
edwin,103,2068
vera,100,2069
subrahmanyan,87,2070
tim,119,2071
stephen,19,2072
henrietta,36,2073
enrico,101,2074
carl,65,2075
vera,60,2076
vera,99,2077
ada,25,2078
alexander,37,2079
max,83,2080
marie,45,2081
max,32,2082
john,93,2083
barbara,77,2084
john,94,2085
dmitri,24,2086
vera,74,2087
neil,19,2088
lise,78,2089
richard,32,2090
albert,77,2091
alexander,84,2092
lise,56,2093
ernest,53,2094
edwin,112,2095
henrietta,101,2096
dorothy,49,2097
vera,65,2098
albert,99,2099
charles,128,2100
lise,103,2101
rachel,110,2102
lise,59,2103
ada,30,2104
galileo,96,2105
marie,57,2106
albert,128,2107
michael,125,2108
ada,18,2109
caroline,114,2110
tim,65,2111
isaac,81,2112
charles,125,2113
stephen,48,2114
stephen,46,2115
albert,74,2116
lise,22,2117
carl,41,2118
gregor,34,2119
katherine,111,2120
dmitri,116,2121
subrahmanyan,80,2122
enrico,110,2123
max,74,2124
rachel,83,2125
barbara,50,2126
lise,69,2127
barbara,74,2128
vera,88,2129
henrietta,88,2130
albert,16,2131
niels,34,2132
albert,20,2133
marie,104,2134
alexander,15,2135
tim,45,2136
henrietta,42,2137
stephen,52,2138
neil,27,2139
neil,80,2140
chandra,128,2141
ernest,64,2142
dorothy,32,2143
tim,82,2144
dmitri,86,2145
michael,123,2146
enrico,92,2147
dmitri,87,2148
alexander,42,2149
john,57,2150
ada,79,2151
rachel,106,2152
niels,64,2153
jane,112,2154
niels,82,2155
jane,14,2156
james,113,2157
max,17,2158
michael,92,2159
edwin,56,2160
max,40,2161
james,77,2162
ada,125,2163
vera,35,2164
freeman,60,2165
barbara,118,2166
freeman,39,2167
nikola,65,2168
ernest,38,2169
max,20,2170
jane,20,2171
isaac,49,2172
carl,41,2173
caroline,18,2174
rachel,81,2175
stephen,68,2176
alexander,113,2177
caroline,51,2178
dorothy,50,2179
chandra,82,2180
barbara,85,2181
michael,100,2182
neil,93,2183
stephen,46,2184
dorothy,91,2185
albert,81,2186
rachel,84,2187
chandra,115,2188
dorothy,18,2189
max,40,2190
barbara,119,2191
marie,112,2192
max,66,2193
rachel,119,2194
max,99,2195
enrico,55,2196
caroline,69,2197
richard,100,2198
subrahmanyan,25,2199
neil,91,2200
carl,61,2201
henrietta,37,2202
alexander,99,2203
caroline,90,2204
rachel,38,2205
neil,17,2206
alan,96,2207
ernest,70,2208
stephen,121,2209
stephen,122,2210
marie,25,2211
katherine,78,2212
dorothy,67,2213
vera,19,2214
rachel,24,2215
caroline,82,2216
barbara,18,2217
james,103,2218
tim,92,2219
niels,84,2220
freeman,66,2221
rachel,46,2222
isaac,41,2223
rosalind,76,2224
max,36,2225
edwin,64,2226
subrahmanyan,119,2227
dorothy,14,2228
dorothy,89,2229
rosalind,43,2230
barbara,110,2231
gregor,53,2232
niels,79,2233
henrietta,92,2234
katherine,119,2235
chandra,39,2236
neil,65,2237
charles,118,2238
alan,18,2239
lise,79,2240
alexander,95,2241
carl,31,2242
tim,31,2243
isaac,14,2244
dorothy,22,2245
niels,126,2246
stephen,99,2247
jane,98,2248
caroline,119,2249
enrico,93,2250
gregor,18,2251
niels,111,2252
tim,56,2253
dorothy,67,2254
dorothy,120,2255
jane,26,2256
richard,62,2257
tim,123,2258
alexander,113,2259
stephen,47,2260
stephen,116,2261
galileo,16,2262
lise,25,2263
galileo,67,2264
ada,17,2265
michael,21,2266
john,123,2267
james,95,2268
marie,111,2269
carl,117,2270
vera,108,2271
john,16,2272
edwin,123,2273
dmitri,104,2274
tim,80,2275
chandra,91,2276
edwin,113,2277
edwin,105,2278
isaac,58,2279
michael,117,2280
barbara,114,2281
ada,15,2282
carl,64,2283
alan,102,2284
ada,114,2285
michael,14,2286
isaac,67,2287
ada,15,2288
ada,67,2289
enrico,76,2290
carl,122,2291
rachel,72,2292
katherine,117,2293
freeman,77,2294
barbara,89,2295
dmitri,35,2296
nikola,62,2297
stephen,121,2298
richard,26,2299
edwin,100,2300
ernest,60,2301
vera,52,2302
subrahmanyan,97,2303
niels,18,2304
dorothy,60,2305
alan,90,2306
ernest,92,2307
tim,36,2308
carl,34,2309
carl,102,2310
alexander,93,2311
niels,35,2312
carl,19,2313
gregor,93,2314
tim,105,2315
michael,31,2316
james,42,2317
subrahmanyan,61,2318
niels,19,2319
ernest,90,2320
albert,33,2321
james,53,2322
isaac,50,2323
ada,122,2324
niels,94,2325
enrico,15,2326
henrietta,57,2327
albert,57,2328
rosalind,41,2329
chandra,60,2330
ada,107,2331
michael,31,2332
michael,84,2333
gregor,41,2334
subrahmanyan,54,2335
michael,43,2336
freeman,124,2337
rachel,39,2338
richard,32,2339
nikola,125,2340
subrahmanyan,76,2341
john,91,2342
dorothy,79,2343
marie,44,2344
galileo,34,2345
ada,37,2346
lise,50,2347
charles,18,2348
marie,52,2349
dorothy,30,2350
tim,97,2351
max,125,2352
dorothy,31,2353
ada,37,2354
katherine,39,2355
gregor,108,2356
enrico,102,2357
john,81,2358
henrietta,117,2359
stephen,83,2360
enrico,89,2361
subrahmanyan,116,2362
gregor,56,2363
michael,126,2364
edwin,90,2365
michael,92,2366
subrahmanyan,84,2367
chandra,16,2368
albert,66,2369
jane,59,2370
carl,93,2371
richard,91,2372
john,19,2373
max,125,2374
neil,87,2375
albert,86,2376
vera,97,2377
nikola,85,2378
stephen,85,2379
isaac,57,2380
ernest,58,2381
neil,53,2382
edwin,121,2383
john,80,2384
subrahmanyan,43,2385
isaac,105,2386
nikola,103,2387
jane,43,2388
freeman,73,2389
henrietta,16,2390
stephen,22,2391
max,65,2392
nikola,43,2393
max,93,2394
tim,72,2395
gregor,86,2396
nikola,97,2397
chandra,92,2398
tim,123,2399
neil,111,2400
max,23,2401
jane,108,2402
richard,101,2403
jane,93,2404
richard,99,2405
john,60,2406
niels,20,2407
jane,50,2408
tim,60,2409
albert,44,2410
edwin,111,2411
max,128,2412
john,106,2413
galileo,104,2414
tim,92,2415
enrico,61,2416
ada,78,2417
max,116,2418
rachel,98,2419
freeman,23,2420
michael,83,2421
henrietta,47,2422
subrahmanyan,26,2423
katherine,34,2424
rosalind,91,2425
neil,99,2426
galileo,37,2427
enrico,31,2428
lise,127,2429
michael,38,2430
katherine,124,2431
henrietta,75,2432
james,128,2433
katherine,127,2434
marie,106,2435
subrahmanyan,37,2436
chandra,24,2437
ernest,112,2438
barbara,94,2439
enrico,118,2440
ernest,36,2441
alexander,102,2442
dmitri,66,2443
niels,84,2444
galileo,96,2445
carl,84,2446
nikola,91,2447
enrico,119,2448
nikola,49,2449
henrietta,29,2450
henrietta,77,2451
alexander,55,2452
dorothy,98,2453
neil,108,2454
freeman,106,2455
vera,17,2456
richard,94,2457
stephen,66,2458
katherine,99,2459
tim,110,2460
gregor,80,2461
edwin,104,2462
chandra,13,2463
marie,67,2464
rachel,23,2465
rosalind,26,2466
ernest,44,2467
max,73,2468
charles,43,2469
edwin,83,2470
henrietta,55,2471
charles,47,2472
dorothy,23,2473
alexander,70,2474
chandra,39,2475
enrico,14,2476
carl,52,2477
alexander,54,2478
henrietta,124,2479
alan,14,2480
galileo,87,2481
henrietta,97,2482
alexander,50,2483
barbara,51,2484
carl,59,2485
lise,36,2486
niels,102,2487
lise,43,2488
gregor,38,2489
michael,70,2490
katherine,52,2491
henrietta,103,2492
dmitri,115,2493
michael,31,2494
neil,52,2495
niels,61,2496
niels,82,2497
stephen,117,2498
albert,27,2499
richard,105,2500
isaac,128,2501
vera,100,2502
alan,39,2503
dmitri,111,2504
dmitri,84,2505
ada,64,2506
albert,76,2507
charles,117,2508
neil,67,2509
caroline,42,2510
caroline,54,2511
gregor,112,2512
rosalind,81,2513
subrahmanyan,103,2514
chandra,84,2515
subrahmanyan,63,2516
carl,121,2517
carl,40,2518
isaac,50,2519
vera,45,2520
henrietta,126,2521
chandra,49,2522
galileo,86,2523
isaac,59,2524
enrico,79,2525
alexander,40,2526
alan,39,2527
niels,118,2528
rachel,38,2529
tim,49,2530
neil,62,2531
james,89,2532
edwin,88,2533
lise,16,2534
ada,110,2535
chandra,38,2536
ernest,79,2537
chandra,23,2538
vera,117,2539
caroline,96,2540
max,110,2541
stephen,16,2542
chandra,17,2543
alan,56,2544
edwin,113,2545
stephen,107,2546
gregor,36,2547
rosalind,77,2548
gregor,106,2549
max,125,2550
gregor,20,2551
john,64,2552
alan,75,2553
isaac,33,2554
ada,123,2555
max,76,2556
john,40,2557
niels,82,2558
niels,118,2559
rosalind,16,2560
vera,65,2561
rosalind,89,2562
niels,29,2563
ernest,104,2564
max,67,2565
rachel,57,2566
rosalind,106,2567
max,34,2568
freeman,87,2569
niels,55,2570
caroline,49,2571
tim,76,2572
vera,99,2573
isaac,20,2574
dorothy,62,2575
chandra,52,2576
katherine,31,2577
charles,84,2578
freeman,114,2579
jane,35,2580
alan,108,2581
enrico,65,2582
ada,60,2583
james,104,2584
neil,86,2585
niels,20,2586
caroline,51,2587
edwin,128,2588
charles,30,2589
henrietta,68,2590
dmitri,60,2591
carl,24,2592
katherine,111,2593
subrahmanyan,124,2594
michael,127,2595
max,102,2596
galileo,44,2597
tim,62,2598
rachel,63,2599
stephen,117,2600
alan,120,2601
alexander,30,2602
alexander,94,2603
neil,70,2604
isaac,95,2605
james,51,2606
enrico,107,2607
lise,59,2608
vera,62,2609
jane,106,2610
jane,106,2611
marie,117,2612
carl,123,2613
ada,60,2614
ernest,28,2615
charles,45,2616
edwin,84,2617
nikola,41,2618
lise,47,2619
subrahmanyan,125,2620
henrietta,110,2621
jane,91,2622
carl,128,2623
alexander,128,2624
niels,30,2625
james,83,2626
lise,88,2627
charles,21,2628
barbara,36,2629
stephen,103,2630
alan,57,2631
dmitri,120,2632
rachel,33,2633
ada,119,2634
dorothy,100,2635
alexander,32,2636
neil,112,2637
stephen,27,2638
richard,68,2639
john,117,2640
henrietta,98,2641
chandra,87,2642
alexander,59,2643
gregor,96,2644
lise,122,2645
subrahmanyan,68,2646
rosalind,102,2647
barbara,92,2648
enrico,36,2649
katherine,83,2650
vera,88,2651
galileo,73,2652
carl,64,2653
edwin,106,2654
stephen,94,2655
carl,69,2656
neil,115,2657
lise,79,2658
tim,41,2659
alexander,59,2660
barbara,94,2661
alexander,14,2662
alan,110,2663
chandra,51,2664
freeman,68,2665
rachel,40,2666
neil,91,2667
james,16,2668
michael,30,2669
alan,128,2670
isaac,107,2671
lise,87,2672
freeman,116,2673
galileo,63,2674
caroline,114,2675
john,97,2676
ada,16,2677
jane,36,2678
albert,65,2679
max,87,2680
rosalind,14,2681
niels,96,2682
nikola,79,2683
nikola,26,2684
carl,83,2685
alexander,126,2686
gregor,77,2687
ernest,75,2688
barbara,39,2689
tim,99,2690
rosalind,39,2691
ada,91,2692
ernest,25,2693
michael,128,2694
nikola,61,2695
james,59,2696
henrietta,114,2697
charles,47,2698
chandra,84,2699
isaac,108,2700
alan,116,2701
ernest,128,2702
charles,65,2703
stephen,92,2704
jane,80,2705
niels,113,2706
galileo,99,2707
enrico,116,2708
gregor,44,2709
alan,36,2710
marie,29,2711
alan,87,2712
james,118,2713
rachel,123,2714
vera,26,2715
alan,101,2716
john,79,2717
dorothy,49,2718
marie,52,2719
alan,35,2720
albert,118,2721
carl,118,2722
caroline,77,2723
carl,22,2724
ada,21,2725
tim,52,2726
dmitri,65,2727
charles,87,2728
tim,50,2729
neil,111,2730
richard,49,2731
richard,17,2732
marie,115,2733
caroline,97,2734
niels,47,2735
john,123,2736
enrico,53,2737
ernest,52,2738
stephen,128,2739
vera,26,2740
richard,79,2741
nikola,78,2742
edwin,67,2743
ernest,126,2744
rachel,17,2745
enrico,87,2746
niels,124,2747
isaac,78,2748
michael,107,2749
gregor,77,2750
galileo,93,2751
tim,105,2752
niels,65,2753
katherine,36,2754
max,27,2755
freeman,29,2756
katherine,39,2757
isaac,31,2758
alan,79,2759
james,109,2760
isaac,30,2761
edwin,21,2762
nikola,15,2763
barbara,38,2764
albert,44,2765
dmitri,87,2766
gregor,61,2767
charles,114,2768
rosalind,72,2769
albert,127,2770
john,40,2771
gregor,23,2772
tim,46,2773
chandra,45,2774
jane,47,2775
katherine,103,2776
jane,57,2777
james,19,2778
james,42,2779
michael,67,2780
vera,68,2781
isaac,32,2782
chandra,106,2783
stephen,35,2784
galileo,76,2785
marie,80,2786
niels,49,2787
henrietta,106,2788
john,37,2789
caroline,117,2790
carl,105,2791
charles,31,2792
charles,117,2793
ernest,38,2794
alexander,119,2795
marie,119,2796
dmitri,118,2797
gregor,120,2798
john,63,2799
katherine,77,2800
chandra,20,2801
lise,51,2802
galileo,18,2803
vera,70,2804
ada,102,2805
galileo,25,2806
tim,26,2807
katherine,89,2808
ernest,13,2809
dorothy,20,2810
lise,54,2811
rachel,24,2812
vera,48,2813
niels,27,2814
james,15,2815
rosalind,57,2816
richard,71,2817
subrahmanyan,94,2818
charles,110,2819
enrico,82,2820
john,79,2821
alan,69,2822
albert,68,2823
niels,32,2824
john,25,2825
galileo,78,2826
james,108,2827
nikola,92,2828
caroline,87,2829
galileo,26,2830
ernest,18,2831
carl,77,2832
marie,87,2833
dmitri,52,2834
freeman,108,2835
tim,57,2836
galileo,69,2837
alan,49,2838
ernest,89,2839
enrico,56,2840
marie,125,2841
nikola,46,2842
dmitri,71,2843
vera,107,2844
niels,79,2845
richard,44,2846
charles,28,2847
isaac,56,2848
freeman,50,2849
nikola,46,2850
edwin,15,2851
caroline,69,2852
richard,19,2853
enrico,78,2854
richard,65,2855
niels,107,2856
edwin,108,2857
gregor,128,2858
jane,94,2859
neil,105,2860
henrietta,44,2861
alexander,32,2862
james,24,2863
dorothy,111,2864
gregor,104,2865
ada,44,2866
ada,113,2867
rachel,107,2868
michael,93,2869
john,24,2870
max,92,2871
henrietta,52,2872
james,124,2873
alexander,100,2874
vera,36,2875
albert,109,2876
dmitri,100,2877
ernest,72,2878
ada,79,2879
alan,107,2880
isaac,29,2881
alexander,68,2882
jane,123,2883
caroline,94,2884
subrahmanyan,120,2885
henrietta,60,2886
richard,73,2887
ernest,111,2888
albert,108,2889
rachel,97,2890
barbara,87,2891
lise,28,2892
rosalind,56,2893
rachel,124,2894
isaac,124,2895
dorothy,119,2896
enrico,15,2897
niels,57,2898
barbara,94,2899
chandra,95,2900
dmitri,126,2901
ada,44,2902
stephen,72,2903
john,96,2904
carl,73,2905
nikola,116,2906
albert,80,2907
michael,41,2908
chandra,57,2909
charles,50,2910
edwin,15,2911
chandra,60,2912
barbara,53,2913
alan,27,2914
nikola,69,2915
james,98,2916
edwin,40,2917
rosalind,110,2918
ernest,13,2919
isaac,33,2920
caroline,75,2921
jane,19,2922
enrico,96,2923
niels,33,2924
barbara,114,2925
rachel,125,2926
henrietta,121,2927
charles,108,2928
gregor,13,2929
chandra,101,2930
edwin,77,2931
michael,72,2932
dorothy,50,2933
barbara,47,2934
rachel,16,2935
isaac,105,2936
subrahmanyan,88,2937
katherine,104,2938
dmitri,128,2939
freeman,22,2940
max,71,2941
dmitri,96,2942
rosalind,55,2943
alexander,125,2944
james,78,2945
enrico,14,2946
tim,65,2947
charles,117,2948
alexander,41,2949
marie,98,2950
freeman,121,2951
michael,86,2952
dmitri,26,2953
max,67,2954
dmitri,70,2955
barbara,86,2956
alexander,36,2957
barbara,65,2958
gregor,119,2959
neil,24,2960
enrico,56,2961
caroline,80,2962
richard,21,2963
edwin,121,2964
rachel,101,2965
katherine,115,2966
rosalind,59,2967
edwin,30,2968
katherine,69,2969
lise,31,2970
isaac,27,2971
alexander,48,2972
alexander,77,2973
ernest,86,2974
galileo,100,2975
caroline,76,2976
dorothy,106,2977
dmitri,73,2978
ada,114,2979
richard,82,2980
galileo,74,2981
alan,113,2982
max,120,2983
chandra,74,2984
enrico,65,2985
chandra,69,2986
vera,57,2987
max,18,2988
rosalind,95,2989
richard,125,2990
vera,105,2991
isaac,57,2992
galileo,97,2993
subrahmanyan,81,2994
ada,38,2995
vera,118,2996
enrico,70,2997
enrico,118,2998
katherine,24,2999
james,70,3000
rachel,29,3001
max,65,3002
barbara,56,3003
chandra,63,3004
albert,16,3005
ada,33,3006
ernest,93,3007
gregor,121,3008
stephen,83,3009
john,40,3010
richard,14,3011
nikola,103,3012
michael,112,3013
richard,26,3014
chandra,49,3015
michael,24,3016
lise,98,3017
john,32,3018
rachel,65,3019
isaac,63,3020
vera,29,3021
rosalind,87,3022
henrietta,127,3023
charles,99,3024
chandra,15,3025
barbara,49,3026
alan,97,3027
subrahmanyan,119,3028
nikola,37,3029
michael,113,3030
james,122,3031
caroline,116,3032
henrietta,60,3033
vera,86,3034
henrietta,97,3035
richard,47,3036
katherine,41,3037
nikola,29,3038
rosalind,106,3039
james,42,3040
barbara,98,3041
niels,54,3042
barbara,123,3043
stephen,18,3044
isaac,27,3045
lise,36,3046
niels,100,3047
albert,18,3048
isaac,120,3049
richard,94,3050
edwin,113,3051
ernest,117,3052
alexander,42,3053
albert,125,3054
alan,69,3055
enrico,100,3056
james,60,3057
carl,75,3058
dorothy,59,3059
tim,51,3060
katherine,74,3061
chandra,83,3062
jane,35,3063
rachel,75,3064
chandra,118,3065
enrico,77,3066
richard,83,3067
henrietta,72,3068
james,53,3069
albert,92,3070
isaac,20,3071
tim,69,3072
enrico,41,3073
tim,58,3074
jane,96,3075
charles,38,3076
james,66,3077
james,18,3078
niels,44,3079
gregor,23,3080
ernest,48,3081
john,23,3082
carl,40,3083
rachel,110,3084
max,36,3085
stephen,122,3086
albert,96,3087
marie,127,3088
subrahmanyan,71,3089
dmitri,91,3090
richard,100,3091
rosalind,69,3092
rachel,96,3093
vera,61,3094
marie,126,3095
carl,49,3096
ernest,78,3097
ada,104,3098
galileo,70,3099
katherine,35,3100
ada,24,3101
lise,99,3102
neil,92,3103
rachel,19,3104
marie,33,3105
barbara,87,3106
richard,63,3107
nikola,48,3108
stephen,40,3109
ernest,22,3110
alexander,71,3111
james,26,3112
alan,85,3113
edwin,85,3114
nikola,19,3115
dmitri,45,3116
subrahmanyan,52,3117
richard,45,3118
max,127,3119
james,49,3120
stephen,20,3121
alexander,119,3122
richard,65,3123
ernest,116,3124
gregor,103,3125
max,95,3126
dmitri,65,3127
jane,116,3128
vera,53,3129
edwin,123,3130
dorothy,14,3131
ernest,121,3132
albert,83,3133
dmitri,56,3134
jane,120,3135
rosalind,25,3136
ada,91,3137
marie,119,3138
edwin,112,3139
isaac,88,3140
albert,88,3141
charles,95,3142
nikola,93,3143
niels,121,3144
john,66,3145
edwin,77,3146
enrico,42,3147
barbara,111,3148
john,110,3149
nikola,28,3150
galileo,123,3151
isaac,33,3152
vera,116,3153
michael,103,3154
ada,56,3155
carl,32,3156
alexander,83,3157
marie,76,3158
michael,64,3159
rachel,71,3160
rosalind,56,3161
katherine,117,3162
max,106,3163
katherine,123,3164
gregor,111,3165
henrietta,66,3166
freeman,84,3167
michael,19,3168
charles,128,3169
edwin,56,3170
subrahmanyan,118,3171
chandra,48,3172
ada,91,3173
alexander,37,3174
rachel,36,3175
dorothy,36,3176
niels,110,3177
richard,114,3178
max,39,3179
dorothy,123,3180
albert,90,3181
chandra,102,3182
dorothy,30,3183
galileo,49,3184
vera,105,3185
alan,86,3186
edwin,120,3187
stephen,91,3188
max,72,3189
rosalind,56,3190
subrahmanyan,119,3191
dorothy,111,3192
albert,38,3193
caroline,20,3194
john,46,3195
alexander,94,3196
jane,126,3197
alexander,25,3198
albert,104,3199
vera,87,3200
alan,52,3201
galileo,105,3202
henrietta,56,3203
gregor,56,3204
galileo,35,3205
ada,52,3206
jane,110,3207
gregor,97,3208
dmitri,120,3209
freeman,117,3210
tim,75,3211
rachel,67,3212
isaac,56,3213
james,108,3214
chandra,13,3215
stephen,73,3216
dorothy,59,3217
john,44,3218
alexander,53,3219
neil,105,3220
alan,72,3221
ada,89,3222
katherine,85,3223
charles,20,3224
alexander,43,3225
alan,70,3226
john,24,3227
barbara,64,3228
caroline,124,3229
caroline,91,3230
marie,100,3231
john,92,3232
rachel,126,3233
henrietta,29,3234
chandra,40,3235
michael,115,3236
vera,90,3237
albert,122,3238
subrahmanyan,108,3239
albert,93,3240
caroline,39,3241
alexander,35,3242
vera,52,3243
galileo,93,3244
katherine,58,3245
gregor,70,3246
edwin,96,3247
ada,73,3248
vera,69,3249
alexander,111,3250
rosalind,115,3251
stephen,76,3252
alan,73,3253
katherine,55,3254
katherine,25,3255
katherine,24,3256
barbara,39,3257
tim,117,3258
gregor,35,3259
katherine,98,3260
rachel,73,3261
michael,71,3262
alexander,124,3263
alexander,90,3264
galileo,63,3265
jane,27,3266
ada,38,3267
isaac,24,3268
alexander,35,3269
gregor,110,3270
alexander,92,3271
james,79,3272
caroline,17,3273
tim,80,3274
chandra,104,3275
charles,14,3276
niels,95,3277
dmitri,71,3278
dorothy,41,3279
nikola,100,3280
john,110,3281
dmitri,107,3282
jane,118,3283
ernest,113,3284
isaac,106,3285
gregor,113,3286
alexander,84,3287
james,107,3288
enrico,54,3289
rosalind,19,3290
barbara,81,3291
stephen,68,3292
henrietta,82,3293
albert,24,3294
ernest,52,3295
richard,107,3296
dorothy,34,3297
alexander,74,3298
charles,68,3299
dmitri,90,3300
